id;first_name;last_name;date_of_birth;age;gender;occupation
1;Ayana;MacGyver;2021-05-11;80414;FEMALE;Togo killer
2;Kadin;Hand;2021-05-10;1921;MALE;Incredible navigate
3;Elenor;Beatty;2021-05-11;18959;OTHER;Licensed Wooden Gloves Security invoice
4;Therese;Monahan;2021-05-10;58248;MALE;Incredible Metal Sausages Designer Dale
5;Kevon;McCullough;2021-05-11;94672;MALE;Mobility Savings Account
6;Shayna;Tillman;2021-05-10;94101;MALE;Avon Home Loan Account intermediate
7;Bryana;Johnson;2021-05-11;87816;MALE;Home Loan Account Equatorial Guinea Secured
8;Miracle;Heathcote;2021-05-11;92727;MALE;world-class withdrawal
9;Cathy;Rempel;2021-05-10;48365;MALE;Credit Card Account Compatible zero administration
10;Hilario;Adams;2021-05-11;19674;FEMALE;Switchable
